KEYWORD ,COMPETITION,CPC,SEARCH VOLUME
amazon prime,0.14,0.06,20400000
amazon smile,0.08,0.72,1000000
amazon prime log in,0.17,0.47,1000000
amazon shopping,0.28,0.77,673000
amazon united states,0.12,0.03,673000
amazon amazon shopping,0.28,0.77,673000
amazon usa america,0.12,0.03,673000
amazon united states of america,0.12,0.03,673000
amazon america usa,0.12,0.03,673000
amazon prime shopping,0.2,0.51,368000
kindle unlimited,0.17,5.91,301000
amazon orders,0.04,0.86,301000
kindle kindle unlimited,0.17,5.91,301000
cloud reader kindle,0.01,1.32,201000
amazon official site,0.15,0.05,201000
amazon store,0.03,1.76,201000
kindle direct publishing,0.07,8,135000
amazon storefront,0.03,1.76,135000
amazon kindle direct publishing,0.13,8,135000
kindle book publishing,0.07,8,135000
kindle on amazon,0.52,2.02,135000
amazon online shopping,0.23,0.63,135000
amazon store online,0.23,0.63,135000
amazon account,0.09,0.9,110000
amazon my orders,0.01,0.46,110000
amazon amazon account,0.09,0.9,90500
amazon smile login,0.13,1.1,90500
amazon deals,0.04,0.59,90500
amazon online,0.04,0.17,74000
my amazon account,0.07,0.61,74000
amazon kindle books,0.24,0.8,60500
amazon smile prime,0.13,0.79,60500
amazon fashion,0.18,0.79,60500
amazon store near me,,2.23,60500
unlimited amazon music,0.18,3.85,60500
amazon account page,0.07,0.61,60500
amazon sale,0.03,0.72,60500
kindle books,0.3,1.08,60500
amazon website,0.15,0.15,49500
a amazon prime,0.14,0.91,49500
amazon prime amazon prime,0.14,0.91,49500
�mzon prime,0.14,0.91,49500
amazon prime amazon prime amazon prime,0.14,0.91,49500
amazon and amazon prime,0.14,0.91,49500
amazon prime sign in,0.19,0.57,49500
amazon account business,0.19,7.5,49500
prime amazon sign in,0.19,0.57,40500
online shopping,1,9.17,40500
amazon kindle unlimited,0.14,5.59,40500
amazon shoes,1,0.71,33100
amazon subscriptions,0.07,0.14,33100
amazon prime login my account,0.15,0.5,33100
amazon household,,0.23,33100
amazon wish list,0.01,0.53,33100
amazon prime shopping online,0.31,0.61,33100
amazon shopping cart,0.23,0.51,33100
wishlist amazon,0.01,0.53,33100
amazon mktplc,0.09,2.61,33100
amazon warehouse deals,0.14,0.5,33100
amazon home,0.28,0.23,33100
amazon official website,0.31,0.03,27100
amazon cart,0.63,0.5,27100
amazon prime login my account orders,0.15,0.61,27100
amazon official page,0.31,0.03,27100
my prime amazon account,0.16,0.53,27100
amazon prime price,0.04,0.14,27100
amazon shopping all items,0.2,0.65,27100
amazon account login,0.12,0.54,22200
my amazon,0.12,0.33,22200
amazon shop,0.11,0.82,22200
amazon prime deals,0.08,0.3,22200
amazon video subscriptions,0.18,3.12,22200
amazon prime video subscriptions,0.18,3.12,22200
amazon history orders,0.02,0.48,22200
amazon tv subscription,0.18,3.12,22200
subscribe amazon prime video,0.18,3.12,22200
unlimited kindle subscription,0.16,6.58,22200
subscription for amazon prime video,0.18,3.12,22200
prime video subscription,0.24,3.14,22200
amazon prime usa,0.15,0.9,22200
amazon kindle store,0.12,2.02,18100
amazon prime account,0.19,1.15,18100
amazon prime books,0.58,2.1,18100
shop by style,1,48.53,18100
amazon prime united states,0.15,0.9,18100
kindle unlimited books,0.16,2.48,18100
smile book,0.99,1.26,18100
amazon browsing history,,0.25,14800
amazon prime official site,0.15,0.14,14800
amazon prime shopping login,0.16,0.49,14800
amazon digital credit,,,14800
amazon prime login shopping,0.16,0.49,14800
amazon printing,0.77,3.5,14800
kindle store books,0.18,1.44,14800
amazon prime official website,0.15,0.14,14800
prime amazon subscription,0.14,1.62,14800
desktop amazon site,0.06,0.14,14800
amazon digital,0.03,1.67,14800
kindle online,0.01,1.86,14800
amazon best sellers,0.36,2.35,14800
amazon basics,0.97,0.88,14800
create amazon account,0.12,1.74,12100
amazon music subscription,0.23,2.61,12100
amazon your orders,0.02,1,12100
amazon prime orders,0.11,0.45,12100
set up amazon account,0.12,1.74,12100
read the book,1,2.4,12100
amazon hand made,0.17,0.65,12100
prime reads,0.16,2,12100
subscribe to amazon music,0.23,2.61,12100
amazon day,0.02,0.73,12100
kindle website,0.06,1.5,12100
kindle cloud,,2.18,12100
amazon prime sign up,0.15,1.18,12100
amazon full site,0.08,0.03,9900
amzn digital charge,0.01,2.17,9900
read kindle online,,2.08,9900
amazon full website,0.08,0.03,9900
book after,0.99,6.15,9900
amazon history purchases,0.02,0.53,9900
best selling items in amazon,0.22,2.42,9900
amazon finds,0.35,0.51,9900
amazon products,1,0.72,9900
amazon essentials,1,0.25,9900
amazon gifts,1,0.75,9900
you book,0.9,3.38,9900
amazon books search,1,0.62,8100
amazon login my account,0.14,0.61,8100
amazon free time,0.13,2,8100
my amazon cart,0.08,0.25,8100
my amazon shopping cart,0.08,0.25,8100
sign into my amazon account,0.14,0.61,8100
read amazon kindle,0.35,1.5,8100
amazon company website,0.16,0.14,8100
amazon presents,1,0.75,8100
free amazon prime,0.14,0.44,8100
amazon subscribe and save,0.02,0.3,8100
cost of amazon prime,0.02,0.14,8100
prime deals,0.12,0.92,8100
amazon orders online,0.25,0.9,6600
amazon wish list search,,0.15,6600
amazon deals today,0.43,0.68,6600
amazon today's deals,0.43,0.68,6600
shops online,1,9.67,6600
amazon reading prime,0.2,10.83,6600
amazon prime best deals,0.06,1,6600
amazon prime reads,0.2,10.83,6600
discount amazon prime,0.11,0.5,6600
shop store online,1,9.67,6600
amazon books on tape,0.74,25.44,6600
amazon best prime deals,0.06,1,6600
warehouse amazon,0.15,0.54,6600
amazon must haves,0.22,0.37,6600
amazon reading,0.16,5.52,6600
amazon smile prime login,0.13,0.98,6600
amazon prime account login,0.2,0.52,6600
amazon prime logo,,0.71,5400
amazon smile sign in,0.14,1.35,5400
best amazon finds,0.22,0.31,5400
amazon official,0.16,0.14,5400
amazon list,0.07,3.5,5400
amazon purchases,0.19,0.93,5400
amazon points,,2.71,5400
buy kindle books,0.2,2.76,5400
amazon gifts for men,1,0.75,5400
amazon manage subscriptions,0.04,0.14,5400
amazon music cost,0.09,2.9,5400
amazon prime sales,0.06,0.66,5400
log in amazon,0.1,0.39,5400
amazon customers,,1.72,5400
spirit books,1,3.08,5400
amazon best finds,0.22,0.31,5400
great amazon finds,0.22,0.31,5400
kindle book purchase,0.2,2.76,5400
amazon prime free reading,0.24,11.05,5400
log into amazon prime account,0.2,0.52,5400
amazon prime sign in account,0.2,0.52,5400
order kindle books,0.2,2.76,5400
amazon unlimited,0.13,5.32,5400
amazon site,0.35,0.14,5400
amazon prime login free,0.17,0.54,5400
sell books on amazon,0.2,8,5400
amazon your account,0.04,0.23,5400
amazon books for sale,1,0.62,4400
amazon gifts for women,1,1.02,4400
amazon warehouse clearance,0.22,0.35,4400
most popular items on amazon,0.13,1.53,4400
kindle points,,11.24,4400
italian amazon,0.01,0.06,4400
most popular products on amazon,0.13,1.53,4400
shopping web,1,6.86,4400
amazon top selling books,1,1.43,4400
used books amazon,0.43,0.86,4400
sell books online amazon,0.2,8,4400
amazon america,0.14,0.15,4400
shop now,0.52,4.28,4400
amazon english,0.11,0.14,4400
amazon usa login,0.13,0.32,4400
amazon membership,0.13,1.04,4400
best selling products on amazon,0.35,3.2,4400
amazon login app,0.15,1.39,4400
buy with prime,0.15,3.42,3600
amazon smile account,0.15,0.87,3600
my amazon prime,0.18,0.49,3600
kindle audio books,0.44,10.29,3600
prime video cost,0.05,6,3600
amazon prime fee,0.01,0.14,3600
amazon open box,0.2,0.41,3600
amazon home page,0.15,0.53,3600
amazon style store,0.23,0.92,3600
amazon author,0.01,8.66,3600
amazon profile,0.02,1.5,3600
kindle unlimited membership,0.17,7.59,3600
amazon login online,0.16,0.54,3600
wish book,1,0.78,3600
amazon music unlimited cost,0.1,4.25,3600
amazon smile orders,0.06,0.81,3600
read kindle,0.31,3.13,3600
amazon business sign in,0.08,10.76,3600
falling book,1,1.33,3600
used like new amazon,0.13,1.75,3600
kindle amazon app,0.08,4.68,3600
amazon day deals,0.19,0.5,3600
amazon books search by title,0.53,0.41,3600
amazon books search by title of book,0.53,0.41,3600
amazon searches,0.1,0.56,3600
amazon music prime unlimited,0.12,2.94,3600
audio books on amazon prime,0.36,6.89,3600
publish on amazon kindle,0.21,10.64,3600
amazon kindle books publishing,0.21,10.64,3600
amazon prime books on tape,0.36,6.89,3600
best products sold on amazon,0.35,3.2,3600
kindle books on tape,0.44,10.29,3600
online shopping sites,0.95,12.1,3600
kindle download,0.07,1.37,3600
shopping sites,1,10.35,3600
amazon plus,0.23,0.74,3600
amazon account sign in,0.14,0.65,3600
amazon m,0.12,0.4,2900
prime account,0.17,1.24,2900
amazon open,0.15,0.64,2900
things to buy on amazon,0.73,1.64,2900
amazon top sellers,0.18,4.18,2900
best things to buy on amazon,0.57,0.5,2900
amazon shopping online login,0.13,0.57,2900
amazon luxury,0.35,2,2900
best amazon deals,0.12,0.66,2900
amazon login website,0.12,0.28,2900
amazon kdp publishing,0.28,9.68,2900
amazon prime website,0.17,1.63,2900
amazon music cancel subscription,0.1,1.95,2900
amazon prime kindle books,0.19,2.16,2900
amazon shopping cart history,0.1,0.25,2900
amazon prime site,0.17,1.63,2900
clearance sale amazon,0.97,1.01,2900
amazon digital service,0.01,3.54,2900
amazon kindle book store,0.16,1.86,2900
good things to buy on amazon,0.57,0.5,2900
download kindle apps,0.2,1.34,2900
amazon online shopping prime,0.21,0.52,2900
amazon prime page,0.17,1.63,2900
us amazon,0.14,0.14,2900
amazon global,0.03,0.42,2900
amazon family,,0.15,2900
kindle web,0.02,1.43,2900
amazon l,0.13,0.15,2900
amazon usa prime,0.16,0.58,2900
japanese amazon,0.03,0.64,2400
amazon merchandise,0.75,0.74,2400
prime books,0.31,6.66,2400
amazon japan store,0.12,0.42,2400
amazon book store,0.54,3.24,2400
go to amazon,0.14,0.75,2400
amazon register,0.14,2.22,2400
amazon alternative,0.17,16.46,2400
amazon luxury stores,0.31,2,2400
amazon past orders,0.08,0.46,2400
amazon top,1,0.63,2400
amazon prime shop,0.36,0.58,2400
amazon clothing store,1,1.5,2400
selling used books on amazon,0.08,3.53,2400
amazon digital services charge,,,2400
make an amazon account,0.13,1.76,2400
amazon prime shopping online login my account,0.15,0.63,2400
amazon devices manage,0.01,1.68,2400
free items on amazon,0.14,1.48,2400
free things on amazon,0.14,1.48,2400
amazon top products,0.32,1.63,2400
amazon prime video pricing,0.06,6.5,2400
amazon japan shopping,0.12,0.42,2400
amazon coupons for books,0.08,4.7,2400
amazon open store,0.38,7.44,2400
good deals on amazon,0.21,1,2400
amazon prime unlimited kindle,0.15,2.02,2400
customer service for kindle,0.01,1.71,2400
buy online,0.75,8.71,2400
amazon usa online,0.37,0.15,2400
amazon electronics,1,0.52,2400
amazon retail,0.09,4.25,2400
her book,0.96,9.06,2400
amazon new account,0.09,1.71,2400
amazon digital orders,0.03,0.71,2400
amazon amazon prime,0.19,1.24,2400
about amazon company,,3.75,1900
amazon website login,0.11,0.14,1900
best amazon products,0.64,1.52,1900
the gift book,1,0.54,1900
smile amazon com my orders,0.04,0.61,1900
kindle direct,0.06,7.8,1900
amazon prime usa en espa�ol,0.14,0.46,1900
amazon books best sellers,1,1.49,1900
amazon unlimited books,0.13,4.47,1900
amazon essentials clothing,1,0.17,1900
amazon brands,0.15,3.22,1900
amazon prime business account,0.15,201.96,1900
amazon spend less smile more,0.06,0.43,1900
amazon top books,1,1.39,1900
best things on amazon,0.58,0.5,1900
kindle reader pc,0.1,0.84,1900
amazon music with prime,0.06,6.39,1900
amazon warehouse sales,0.17,0.5,1900
amazon kindle buy,1,1.5,1900
amazon music amazon prime,0.06,6.39,1900
amazon subscribe,0.09,1.75,1900
best books amazon,1,1.39,1900
amazon premium music,0.06,6.39,1900
amazon unlimited kindle subscription,0.15,3.54,1900
amazon international,0.04,0.15,1900
best selling,0.06,2.65,1900
amazon prime kindle,0.24,2.82,1900
amazon usa in english,0.14,0.38,1900
amazon kindle online,0.03,2.04,1900
amazon free,0.1,0.63,1900
books on amazon,1,1.55,1900
amazon o,0.09,0.14,1900
kindle device,1,1.5,1900
amazon home services,0.15,1,1900
get amazon prime,0.19,1.18,1600
kindle membership,0.15,4.39,1600
free prime,0.13,4.72,1600
amazon usa english,0.14,0.38,1600
amazon manage content and devices,,4,1600
amazon premium subscription,0.13,14.43,1600
free kindle unlimited,0.17,6.5,1600
amazon e reader,0.84,1.5,1600
amazon shoes sale,1,0.43,1600
amazon buttons,1,0.25,1600
amazon kindle unlimited books,0.11,5.18,1600
hood books,1,8.44,1600
best amazon deals today,0.19,1.17,1600
prime time amazon,0.16,1.5,1600
website like amazon,0.22,9.74,1600
good online stores,1,8.62,1600
magazine subscriptions amazon,1,3.02,1600
amazon prime and kindle,0.24,2.82,1600
buy amazon boxes,0.3,5.95,1600
amazon united states english,0.14,0.38,1600
find amazon prime,0.19,1.18,1600
amazon sale today,0.68,0.66,1600
sale on amazon,0.31,4.72,1600
prime video membership,0.15,6,1600
google prime,0.15,2.03,1600
small book,1,7.46,1600
amazon sports,0.18,2.25,1600
the list book,0.99,1.04,1600
amazon music subscription cancel,0.11,0.89,1600
amazon prime deals today,0.12,0.73,1600
amazon prime bookstore,0.22,1.16,1300
amazon book reviews,0.16,1.61,1300
download kindle books,0.13,3.83,1300
amazon open box deals,0.25,0.41,1300
things to get on amazon,0.73,0.75,1300
amazon dot com,0.1,0.09,1300
best kindle books,1,0.79,1300
amazon used items,0.13,0.49,1300
buy kindle books on amazon,0.17,2.02,1300
top kindle books,1,0.79,1300
kindle points balance,,,1300
sell ebook on amazon,0.41,9.68,1300
amazon kindle points,,2.02,1300
like amazon,0.09,14.71,1300
download books for kindle,0.13,3.83,1300
amazon book buy back,0.17,1.6,1300
amazon must haves 2023,0.14,0.39,1300
history amazon com,0.06,0.15,1300
good books on kindle,1,0.79,1300
free kindle unlimited books,0.18,4.57,1300
amazon buy back textbooks,0.17,1.6,1300
amazon home find,0.97,0.75,1300
amazon official site online shopping,0.84,0.52,1300
kindle amazon subscription,0.17,3.27,1300
sell digital books on amazon,0.41,9.68,1300
amazon offers,0.1,0.66,1300
amazon us site,0.34,0.03,1300
amazon us website,0.34,0.03,1300
amazon shop by department,0.28,0.3,1300
smile amazon app,0.06,2.07,1300
amazon japan prime,0.01,0.78,1300
amazon buy,0.42,0.68,1300
manage my kindle,0.06,1.24,1300
amazon llc,0.04,6.16,1000
amazon fashion finds,1,0.67,1000
amazon go app,0.01,2.94,1000
amazon english site,0.23,0.15,1000
kindle best sellers,0.95,0.8,1000
amazon best sellers list,0.16,3.87,1000
kindle svcs,0.03,1.47,1000
amazon smile shopping,0.19,1.76,1000
best amazon gifts,1,0.75,1000
amazon smile login my account,0.17,0.92,1000
free amazon account,0.1,1.29,1000
amazon gift guide,0.13,0.75,1000
amazon sign in page,0.16,0.53,1000
amazon prime purchase,0.12,1,1000
amazon shopping online website,0.68,0.54,1000
search amazon prime,0.14,0.5,1000
amazon address book,1,0.26,1000
amazon prime shopping online login,0.16,0.8,1000
amazon delivery today,0.23,5.53,1000
amazon prime login my account orders history,0.13,0.52,1000
amazon things,1,0.42,1000
book weights,0.94,0.58,1000
previous amazon orders,0.03,0.48,1000
amazon books online free,0.21,10.53,1000
amazon order list,0.04,0.66,1000
amazon premium price,0.02,0.36,1000
amazon finds 2023,0.11,0.34,1000
make amazon prime account,0.17,1.6,1000
get amazon account,0.13,1.95,1000
trade amazon,0.13,0.76,1000
amazon book print,0.6,9.8,1000
amazon usa website,0.16,0.25,1000
models book,0.82,1.72,1000
amazon prime store,0.08,0.14,1000
show my amazon orders,0.01,2.4,1000
my amazon orders account login,0.04,0.69,1000
ama amazon,0.13,0.35,1000
amazon us store,0.55,0.56,1000
shop on amazon usa,0.55,0.56,1000
top sellers,0.04,1.93,1000
amazon buy back,0.12,0.76,880
shop amazon prime now,0.21,0.96,880
amazon specials,0.26,0.66,880
amazon shopping usa,0.55,0.56,880
amazon usa shop,0.55,0.56,880
amazon deals website,0.14,0.66,880
kindle purchase,0.76,1.86,880
amazon prime box,0.15,1.75,880
amazon clothing brands,1,0.58,880
download amazon kindle,0.05,2.02,880
gift kindle book,0.14,1.28,880
kindle services,0.13,2.42,880
amazon usa official site,0.29,0.25,880
amazon original site,0.17,0.31,880
shop amazon warehouse,0.13,0.5,880
sign up amazon account,0.13,1.89,880
amazon usa official website,0.29,0.25,880
amazon prime shopping deals,0.23,1.25,880
amazon paperbacks,1,0.69,880
amazon prime sign in my account,0.17,0.55,880
sell back textbooks amazon,0.2,3.89,880
amazon gift card store,0.38,1.8,880
prime offers amazon,0.11,0.66,880
book about us,1,3.68,880
buying from amazon warehouse,0.15,0.5,880
kindle to read books,0.8,3.34,880
amazon kindle services,0.13,2.42,880
amazon sale 2022,,,880
amazon usa site,0.55,0.25,880
online purchase,0.79,9.16,880
buy amazon prime,0.15,0.23,880
amazon usa sale,1,0.65,880
amazon usa online shopping app,0.31,3.87,880
amazon prime video membership,0.12,6,880
amazon facebook,0.03,0.55,720
amazon bestsellers,0.48,2.16,720
amazon music account,0.16,2.58,720
amazon shopping all items list 2022,0.14,0.35,720
https amazon,0.15,0.67,720
amazon prime usa login,0.16,0.46,720
best amazon buys,0.15,0.3,720
things i need,0.07,0.68,720
amazon fashion store,0.95,0.74,720
gift amazon prime,0.08,0.42,720
amazon items,1,0.63,720
amazon devices list,0.32,0.52,720
amazon like new,0.12,1.55,720
free amazon products,0.11,1.47,720
prime orders,0.08,0.73,720
manage your content and devices amazon,0.01,3.34,720
amazon prime official site login,0.18,0.34,720
amazon warehouse america,0.11,2.54,720
amazon prime login my account login page,0.15,0.8,720
amazon prime login usa,0.16,0.46,720
shop websites,0.67,12.82,720
3 months free kindle unlimited,0.13,4.69,720
buy books on amazon,0.57,4.05,720
site like amazon,0.22,8.25,720
prime clothes,1,3.53,720
amazon usa warehouse,0.11,2.54,720
prime free audible books,0.36,19.71,720
buy products,0.17,8.58,720
amazon global store,0.01,0.59,720
amazon kindle best sellers,0.36,2.02,720
kindle prime,0.16,1.37,720
open amazon prime,0.24,1.24,720
amazon g,0.08,0.25,720
amazon black,0.17,0.3,720
amazon book search by name,0.37,0.26,590
amazon w,0.11,0.25,590
amazon money,0.53,2.65,590
amazon direct,0.03,1.62,590
open amazon account,0.18,1.81,590
amazon smile search,0.03,0.65,590
amazon page,0.13,0.69,590
amazon account online,0.06,0.87,590
manage my kindle account,0.17,1.86,590
amazon products list,0.31,10.14,590
amazon book subscription,0.32,10.03,590
give me amazon,0.28,1.5,590
if i have amazon prime do i have prime video,0.03,2.93,590
amazon sale items,1,2.65,590
amazon designer,0.66,2.15,590
shopbop amazon,1,0.54,590
amazon prime specials,0.13,0.51,590
kindle unlimited store,0.15,1.1,590
amazon previous purchases,0.08,0.54,590
most searched product on amazon,0.12,2.84,590
amazon reading books,0.72,4.85,590
update amazon account,0.05,2.63,590
amazon japan english,0.1,0.42,590
kindle shop,0.18,1.17,590
amazon italy in english,0.05,0.18,590
amazon prime online,0.1,2.89,590
originals book,0.77,0.73,590
amazon products and services,0.04,5.75,590
amazon new,0.14,0.48,590
amazon book sales calculator,0.01,4.54,590
show me amazon,0.41,0.77,480
best online shop,1,7.46,480
aws book,1,2.31,480
amazon prime smile login my account,0.16,0.81,480
amazon prime italy,0.07,0.3,480
amazon best books 2022,0.98,,480
amazon book box,1,4.11,480
amazon english version,0.09,0.15,480
amazon new products,0.47,1.5,480
amazon smile prime login my account,0.18,0.75,480
apps like amazon,0.17,7.31,480
must have amazon items,0.55,0.3,480
my amazon account & login,0.06,0.66,480
the book smile,1,1.45,480
kindle e reader online,0.04,1.5,480
amazon stories,0.02,8.27,480
the way home book,1,0.76,480
best selling books for women,1,0.67,480
if book,1,0.37,480
amazon personal account,0.15,0.47,480
free amazon music unlimited,0.29,14.56,480
amazon prime login shopping online,0.15,0.87,480
best things to get on amazon,0.64,0.54,480
amazon subscription boxes,0.76,4.6,480
amazon hot deals,0.09,0.66,480
buy on amazon button,0.06,17.5,480
amazon 3 for 2 books,0.05,1.8,480
book of stories,1,6.87,480
sell my books on amazon,0.3,7.18,480
online stores like amazon,0.24,12.73,480
best deals on amazon right now,0.11,0.73,480
amazon books search by author,0.49,0.47,480
kindle free app,0.3,1.42,480
todays deals amazon,0.24,0.69,480
buy kindle ebooks,0.33,4.02,480
online purchase website,0.73,11.43,480
amazon my history,0.02,1.5,480
personal amazon account,0.15,0.47,480
amazon book advertising,0.37,22.4,480
ebook kindle,0.32,1.71,480
amazon sale all products,0.85,0.79,480
amazon finds 2022,0.03,,480
kdp kindle,0.23,8.43,480
amazon h,0.11,0.25,480
amazon update,0.04,1.08,480
subscribe to amazon prime,0.25,2.24,480
amazon shopping site,0.24,1.99,390
amazon prime prime,0.14,2.19,390
amazon products you need,0.51,0.86,390
if you have amazon prime is prime video free,0.02,3.71,390
amazon design,0.06,0.36,390
amazon online free,0.08,0.15,390
amazon music 3 months free,0.24,10.71,390
amazon my kindle,0.06,2.02,390
amazon web page,0.14,0.58,390
amazon music deal,0.21,5.53,390
amazon info,0.09,3.3,390
get amazon prime free,0.16,3,390
amazon 2023,0.06,0.25,390
amazon kindle website,0.07,2.02,390
amazon web version,0.01,0.14,390
go to amazon prime,0.26,1.52,390
great on kindle,0.1,1.11,390
prime online shopping,0.4,1.87,390
amazon black shoes,1,0.29,390
gift of prime,0.38,0.51,390
amazon kindle devices,0.9,1.5,390
amazon 50 off,0.09,1.62,390
prime kindle unlimited,0.11,5.47,390
cancel my kindle unlimited,0.15,5.91,390
amazon personal,0.12,0.25,390
amazon prime video devices,0.53,1.51,390
kindle unlimited sign in,0.16,5.47,390
amazon prime new account,0.18,1.58,390
amazon basics clothing,1,0.5,390
amazon live stream,0.02,3,390
amazon shopping history,0.06,0.46,390
stores like amazon,0.19,10.62,390
kindle books app,0.24,2.96,390
sign up to amazon,0.14,1.51,390
amazon try prime,0.13,3,390
amazon prime past orders,0.11,0.49,390
kindle gift,0.9,0.97,390
set up new amazon account,0.12,3.54,390
kindle audio books free,0.29,11.84,390
kdp kindle direct publishing,0.23,8.43,390
top 10 items sold on amazon,0.3,3.91,390
kindle prime books,0.19,2.34,390
3 months free amazon music,0.24,10.71,390
amazon free app,0.25,1.73,390
amazon music free 3 months,0.24,10.71,390
save on amazon,0.06,1.23,390
amazon for less,0.36,0.89,390
online shopping app,0.72,10.81,390
internet shopping,0.63,15.98,390
my amazon smile account,0.08,0.92,390
manage your kindle,0.06,0.75,390
online product,0.37,5.38,390
amazon shop near me,0.03,2.07,390
amazon prime services,0.1,1.92,390
launch book,1,4.06,390
amazon website link,0.14,0.77,390
must have items,0.38,0.68,320
prime video devices,0.05,1.83,320
amazon kindle web,0.01,2.02,320
find my amazon account,0.14,1.41,320
amazon kindle membership,0.19,3.8,320
my amazon store,0.1,2.05,320
buy kindle unlimited,0.3,10.33,320
best buy amazon,0.31,1.27,320
amazon outdoor,1,0.87,320
amazon prime precio usa,0.05,1.62,320
all amazon,0.1,1.5,320
amazon get it today,0.2,5.34,320
best amazon gifts 2022,0.07,,320
kindle book subscription,0.22,5.69,320
amazon products to buy,1,0.94,320
amazon n prime,0.13,0.14,320
amazon prime shopping online shopping,0.36,0.14,320
amazon top deals,0.13,0.73,320
amazon books store online shopping,0.93,0.72,320
american amazon prime,0.07,1.05,320
amazon prime login page,0.17,0.49,320
amazon prime free audible books,0.24,17.94,320
amazon essentials shoes,1,0.32,320
luxury stores at amazon,0.3,2,320
amazon origins,0.53,0.52,320
top amazon gifts,0.94,0.75,320
sell your books on amazon,0.26,8.46,320
hot items on amazon,0.34,1.63,320
buy books on kindle app,0.16,5.43,320
kindle unlimited with audio,0.15,5.47,320
amazon prime ordering online,0.13,0.53,320
kindle ebook subscription,0.22,5.69,320
sell clothing on amazon,0.52,5.52,320
audible books amazon prime free,0.24,17.94,320
amazon best sellers 2023,0.96,1.96,320
read books amazon prime,0.32,8.97,320
free audible books on amazon prime,0.24,17.94,320
amazon audible books free with prime,0.24,17.94,320
amazon electronics sale,0.89,0.3,320
amazon party,0.89,0.25,320
amazon japan website,0.11,0.43,320
amazon me,0.08,0.4,320
amazon about us,,,260
amazon best sellers 2022,0.49,,260
amizone shop,0.13,0.54,260
s amazon,0.13,0.48,260
amazon kindle books download,0.12,2.93,260
fashion designer books,1,1.28,260
amazon 4,0.03,0.25,260
sell books on amazon for free,0.14,7,260
amazon wish,0.21,0.43,260
buy amazon account,0.24,4.12,260
get prime,0.12,3,260
amazon buy online,0.66,1.42,260
kindle books online,0.15,2.02,260
amazon shopping books,0.5,0.69,260
prime fee,0.1,0.59,260
amazon add on,0.01,1.5,260
my kindle unlimited,0.17,7.02,260
kindle app online,0.02,2.51,260
amazon prime login my account login,0.15,0.14,260
amazon gift guide 2022,,,260
at home book,1,1.23,260
amazon prime books search,0.26,3,260
kindle free download,0.18,2.01,260
kindle orders,0.29,1.09,260
amazon new account sign up,0.09,2.43,260
amazon books kindle unlimited,0.17,5.18,260
amazon music unlimited with prime,0.01,2.54,260
best amazon sweaters,1,2.56,260
amazon specials today,0.46,0.65,260
zappos amazon prime,1,0.92,260
amazon kindle orders,0.17,1.01,260
manage amazon music subscription,0.14,2.45,260
amazon streaming subscriptions,0.18,2.95,260
shopping store online,0.99,9.18,260
amazon account login my account,0.09,0.69,260
amazon prime and amazon music,0.02,15.2,260
amazon books website,0.21,3.8,260
sell used on amazon,0.09,4.54,260
amazon for free,0.11,1.01,260
amazon sell back books,0.18,5,260
amazon prime amazon music unlimited,0.01,2.54,260
amazon kindle my account,0.14,2.02,260
sell phone to amazon,0.57,4.82,260
amazon music manage subscription,0.14,2.45,260
amazon sale products,0.63,6.48,260
amazon prime shopping login my account,0.15,0.6,260
selling your book,0.43,4.08,260
amazon subscription price,0.01,,260
amazon use,0.13,0.42,260
service amazon,0.11,2.54,260
the fashion book,1,0.33,210
online sites,0.66,9.97,210
amazon fashion sale,0.95,0.63,210
world for sale,0.66,1.02,210
amazon sign up free,0.22,1.1,210
amazon best selling books 2022,1,1.83,210
open kindle,0.11,1.02,210
amazon prime register,0.21,2,210
zappos book,0.99,1.19,210
my amazon music account,0.15,1.75,210
amazon used products,0.1,0.47,210
the secret amazon,1,4.72,210
kindle top 100,0.06,0.38,210
i amazon account,0.2,1,210
kindle content,0.05,0.65,210
amazon music membership,0.18,2.38,210
abebooks amazon,0.11,0.64,210
amazon market near me,0.04,3.39,210
amazon music devices,1,2.68,210
kindle subscriptions,0.17,7.59,210
amazon prime audible books,0.45,17.45,210
update prime video subscription,0.23,1.92,210
build a book,0.99,7,210
amazon kindle store app,0.22,2.02,210
amazon book recommendations,1,0.9,210
kindle unlimited catalog,0.14,5.47,210
amazon fresh grocery store near me,0.11,15,210
amazon square,0.97,5.87,210
best amazon sweaters 2022,,,210
amazon best sellers page,0.08,4.12,210
find it books,1,1.13,210
amazon holiday deals,0.09,1.25,210
amazon prime set up,0.17,1.26,210
amazon account services,0.09,3.14,210
kindle unlimited best sellers,0.26,5.47,210
update amazon prime,0.17,1.47,210
kindle fire books,0.87,2.48,210
amazon kindle unlimited account,0.17,2.02,210
amazon warehouse boxes,0.95,,210
amazon books download,0.16,7.64,210
kindle book search,0.12,1.27,210
best amazon sales,0.24,1.25,210
amazon set up,0.2,4.22,210
kindle subscribe,0.17,7.59,210
new books on kindle,1,0.99,210
amazon unlimited music cancel,0.12,4,210
amazon prime books audible,0.45,17.45,210
amazon best books 2023,1,1.69,210
prime amazon membership,0.11,3,210
amazon worldwide,0.06,1.52,210
amazon all departments list,0.21,1.13,210
amazon usa product,1,0.49,170
e amazon,0.23,0.29,170
amazon books free download,0.23,7.7,170
amazon warehouse app,0.04,0.98,170
business with amazon,0.33,5.92,170
amazon kindle kdp,0.16,10.08,170
amazon en usa,0.16,0.45,170
kindle store free books,0.14,1.67,170
amazon top books 2022,1,,170
amazon novels,1,2.53,170
buy things online,0.88,9.86,170
kindle wish list,0.08,0.65,170
amazon manage account,0.13,5.45,170
amazon music how many devices,0.03,2.27,170
as amazon prime,0.19,0.6,170
amazon gift delivery,0.92,3.04,170
a plus content amazon,0.17,3.99,170
best books to sell on amazon,0.98,4.64,170
amazon clothing subscription,0.49,14.53,170
amazon fabric shop,1,,170
looking for amazon,0.23,1.31,170
amazon music unlimited deals,0.16,8.95,170
amazon tech deals,0.12,0.69,170
amazon japan products,1,0.61,170
clothes for her,1,4.32,170
amazon marketplace store,0.12,4.12,170
great deals on amazon,0.28,0.82,170
amazon essentials women's clothing,1,0.17,170
amazon business reviews,0.13,27.74,170
selling books on kindle,0.34,6.42,170
amazon essentials dresses,1,0.58,170
women's amazon essentials clothing,1,0.56,170
make money with amazon kindle,0.33,4.76,170
amizone online,0.17,0.97,170
amazon prime video launched,0.03,2.06,140
amazon newsletter,0.01,,140
amazon home products,1,0.23,140
amazon music 4 months free,0.2,9.41,140
best amazon products 2022,0.03,,140
shopping free,0.18,3.91,140
amazon prime m,0.13,1.31,140
books unlimited,0.27,3.78,140
amazon online sale,0.43,2.87,140
amazon home made,0.23,2.02,140
kindle search,0.1,1.03,140
kindle recommendations,0.31,0.98,140
prime audible books,0.59,24.58,140
kindle ebook publishing,0.35,10,140
amazon online bookstore,0.54,1.56,140
amazon free membership,0.14,3,140
sell back to amazon,0.18,5,140
amazon prime website login,0.14,0.14,140
make a new amazon account,0.09,1.81,140
amazon kindle content,0.06,0.65,140
top amazon sales today,0.8,1.09,140
amazon books for sale online,1,0.86,140
take me to amazon prime,0.29,1.68,140
my kindle unlimited account,0.21,5.47,140
amazon prime home page,0.15,0.14,140
amazon kindle manage,0.06,2.02,140
purchase kindle unlimited,0.17,10.33,140
amazon box sale,0.95,2.01,140
top sales on amazon,0.23,1.95,140
kindle login on computer,0.05,1.41,140
purchase amazon prime membership,0.19,1.43,140
amazon alternative website,0.17,9.96,140
selling kindle books on amazon,0.44,10.5,140
amazon deals page,0.15,0.58,140
the 50 states book,1,0.34,140
amazon gifts for females,1,1.06,140
business credit books,1,6.72,140
amazon music cancel membership,0.11,3,140
amazon prime books kindle unlimited,0.17,5.18,110
amazon best selling books 2023,1,1.49,110
amazon offers today,0.11,0.66,110
amazon special offers,0.26,0.66,110
kindle premium,0.31,7.59,110
kindle best sellers 2022,0.48,,110
the men's fashion book,1,0.62,110
amazon unlimited subscription,0.24,9.25,110
amazon pr8me,0.18,0.38,110
amazon us store account,0.14,0.85,110
amazon music sign up,0.27,9.52,110
amazon kindle unlimited login,0.12,2.02,110
amazon prime today,0.13,0.66,110
selling luxury,0.82,9.14,110
set up amazon prime account,0.21,2.03,110
amazon login my orders,0.07,0.14,110
amazon prime video italy,0.02,2.13,110
amazon video premium subscription,0.15,5.85,110
book about you,1,6.3,110
top amazon gifts 2022,,,110
selling e books on amazon,0.4,8.7,110
alexa books,0.47,3.99,110
open amazon prime account,0.25,1.87,110
show my amazon account,0.1,1.09,110
amazon ordered items,0.19,0.64,110
hot sellers on amazon,0.3,4.86,110
sell on amazon kindle,0.28,8.95,110
amazon clothing deals,1,0.89,110
new kindle unlimited books,0.2,5.47,90
get free prime,0.16,3.09,90
kindle unlimited read,0.17,5.91,90
kindle unlimited points,0.09,5.91,90
amazon renewed products,0.14,0.46,90
amazon gift items,0.99,0.75,90
amazon books usa,0.61,1.74,90
amazon usa books,0.61,1.74,90
amazon shop on line,0.4,0.67,90
kindle books to read,1,1.54,90
prime video subscribe,0.2,3.55,90
kindle account sign up,0.21,3.88,90
amazon shopping sale,0.28,1.07,90
shop now online,1,4.43,90
premium amazon prime,0.11,3.09,90
buy the look,0.87,9.39,90
amazon prime c,0.13,0.98,90
amazon usa online shopping usa,0.97,1.29,90
books to read on kindle,1,2,90
amazon kindle business,0.16,5.2,90
amazon live video,0.02,5.06,90
books available on kindle,0.8,1.35,90
cancel my amazon music subscription,0.1,1.64,90
sell books to amazon for credit,0.11,3.97,90
amazon new customer,0.07,1.3,90
amazon unlimited reading,0.15,5.59,90
amazon music books,1,1.7,90
best gifts on amazon 2022,,,90
find amazon account,0.21,1.3,90
show me amazon prime,0.19,2.2,90
make money selling books on amazon,0.15,6.8,90
1 amazon prime,0.12,1.29,90
amazon music card,0.31,2.18,90
amazon read books online,0.22,12.2,90
give me amazon prime,0.33,2.1,90
sign up for amazon music unlimited,0.27,9.7,90
go shoes amazon,1,0.31,90
perks of amazon business account,0.07,91.26,90
kindle online store,0.39,1.55,90
top searched products on amazon,0.12,3.61,90
selling self published books on amazon,0.28,12.4,90
difference between amazon business and prime,0.13,132.83,90
amazon clothing box,1,15.2,90
amazon business account reviews,0.06,203.31,70
enroll in amazon prime,0.16,3,70
amazon prime books unlimited,0.12,5.59,70
kindle listen and read,0.24,18.32,70
amazon prime es,0.03,0.38,70
kindle site,0.04,1.6,70
kindle on line,0.03,1.41,70
kindle us,0.82,1.4,70
amazon japan shop,0.15,0.6,70
about amazon prime,0.06,0.14,70
top amazon products 2022,,,70
amazon global online,0.08,1.67,70
kindle unlimited online,0.13,5.69,70
kindle marketplace,0.27,0.8,70
amazon business shopping,0.18,11.61,70
amazon kindle audio books,0.36,27.79,70
update my amazon account,0.31,2.74,70
amazon music service,0.16,5.28,70
fresh amazon near me,0.15,15,70
amazon kindle advertising,0.05,19.5,70
about kindle unlimited,0.13,7.59,70
hot products on amazon,0.31,2.13,70
best alternative to amazon,0.1,13.83,70
3 months amazon music,0.17,13.51,70
top 10 sellers on amazon,0.15,5,70
kindle unlimited website,0.22,5.91,70
amazon live selling,0.08,8,70
amazon market online,0.17,2,70
amazon music 3 months,0.17,13.51,70
amazon audio book publishing,0.42,10.5,50
amazon used books good condition,0.55,0.82,50
amazon music login cancel subscription,0.13,4.97,50
amazon kindle sell ebook,0.35,9.8,50
amazon sell ipad,0.51,4.12,50
sell games on amazon,0.14,4.51,50
amazon top sellers 2023,0.21,5,50
amazon all products,0.09,0.15,50
amazon usa best sellers,0.27,3.93,50
top selling amazon products 2022,0.21,,50
amazon us best sellers,0.27,3.93,50
free kindle unlimited 2022,,,50
prime am,0.07,0.14,50
100 amazon,0.16,1.5,50
shopping us,0.66,4.94,50
search my amazon orders,0.05,1.5,50
kindle unlimited usa,0.11,7.59,50
kindle unlimited us,0.11,7.59,50
on online shopping,0.97,10.85,50
amazon ebook subscription,0.21,4.7,50
buy products online,0.95,11.44,50
amazon free books online,0.26,3.12,50
top 10 amazon products 2022,,,50
united shoes amazon,1,5.97,50
amazon music plus,0.16,5.88,50
free kindle subscription,0.32,10.84,50
amazon kindle unlimited sign in,0.14,2.83,50
discount sales online,0.51,9.95,50
start amazon account,0.17,2.23,50
prime best deals,0.07,,50
amazon music subscription plans,0.16,8.71,50
selling books through amazon,0.27,8,50
add amazon prime,0.18,2.52,50
audio books with amazon prime,0.35,34.2,40
fresh amazon store near me,0.1,15,40
my kindle unlimited books,0.18,4.74,40
amazon sell electronics,0.22,5,40
amazon amazon business,0.17,7.5,40
amazon kindle make money,0.29,5.45,40
amazon clothing subscription box,0.42,13.09,40
amazon free audio books app,0.37,2.4,40
self publishing amazon kdp,0.43,11.6,40
premium amazon,0.12,0.64,40
prime video free subscription,0.41,7.7,40
amazon prime video offer,0.14,3.6,40
subscription prime video,0.21,6,40
amazon finds home,0.83,0.23,40
amazon a content,0.21,5.45,40
amazon prime entertainment,0.12,1.36,40
difference between amazon and amazon business,0.13,5.79,40
about amazon music,0.1,5.4,40
amazon music business,0.39,26.8,40
amazon music unlimited free 3 months,0.34,13.16,40
sell new books,0.33,2.51,40
shop with prime,0.12,5.15,40
sell laptop to amazon,0.3,4.2,40
amazon listen to books,0.37,24.13,40
kindle audio books free with prime,0.32,21.02,30
sell my ebook on amazon,0.52,11.34,30
amazon book reviews website,0.15,1.95,30
amazon unlimited free,0.2,20.73,30
top 10 amazon products of 2022,,,30
amazon business orders,0.14,8.34,30
free amazon unlimited music,0.27,14.36,30
creating books to sell on amazon,0.5,7.22,30
advertising your book on amazon,0.52,22.43,30
amazon gift card 15 free,0.3,2.21,30
amazon music subscription id,0.13,2.49,30
new website like amazon,0.08,,30
bestsellers amazon,0.58,,30
amazon books english,1,0.55,30
amazon free subscription,0.21,3,30
best selling amazon products 2022,0.1,,30
amazon prime youth,0.04,,30
amazon 3 months free,0.13,,30
online prime,0.18,1.58,30
all amazon services,0.01,,30
wish clothing online,1,,30
audio amazon prime,0.29,15.2,30
get amazon music unlimited,0.23,11.49,30
amz9n prime,0.2,2.07,30
amazon japan best sellers,0.09,7.5,30
amazon prime usa in english,0.17,0.96,30
my amazon music subscription,0.17,6.29,30
sign up to amazon music,0.28,9.52,30
buy kindle unlimited subscription,0.13,10.33,30
prime video amazon subscription,0.18,3,30
cancel subscription amazon music,0.12,5.33,30
amazon products that sell the most,0.34,3.9,30
products most sold on amazon,0.28,5,30
free prime video membership,0.33,6.63,30
amazon music unlimited offers,0.16,10.36,30
amazon style box,0.47,15.97,30
kindle unlimited top 100,0.13,5.47,30
app to sell books on amazon,0.2,5,20
other apps like amazon,0.13,6.06,20
sell your ebook on amazon,0.45,10.15,20
kindle unlimited help,0.19,5.47,20
amazon business subscription,0.14,129.02,20
i want to sign up for amazon prime,0.39,3.81,20
other online stores like amazon,0.2,16.69,20
amazon clothing service,0.13,16.75,20
other stores like amazon,0.21,12.72,20
deals on amazon music unlimited,0.15,10.87,20
amazon rent clothes,0.53,7.03,20
amazon best audio books,1,11.07,20
amazon book publishing reviews,0.44,9.6,20
publish and sell books on amazon,0.48,12.04,20
subscription of amazon prime,0.16,6,20
amazon prime video es,0.03,,20
free prime video subscription,0.38,7.38,20
en amazon prime,0.12,3.6,20
amazon listen,0.18,2.73,20
your amazon prime membership,0.14,0.65,20
subscription for prime video,0.36,4.85,20
best selling products on amazon usa,0.33,1.52,20
amazon prime how to subscribe,0.18,1.75,20
online shipping site,0.58,15.99,20
buy online shop,0.78,6.13,20
amazon music free for 3 months,0.31,13.03,10
buy amazon music unlimited,0.26,10.46,10
get prime video free,0.32,9.55,10
amazon prime video business account,0.13,132.83,10
best amazon audible books,0.96,19.97,10
audio books with prime,0.37,26.91,10
amazon music 4 months,0.19,6.99,10
sell on audible amazon,0.47,4.93,10
kindle premium subscription,0.15,10.33,10
open up an amazon account,0.39,1.72,10
sell book on amazon self publish,0.45,10.5,10
prime music deals,0.16,9.53,10
amazon business account information,0.17,12.5,10
amazon unlimited audible,0.17,34.94,10
selling stories on amazon,0.25,6.43,10
listing a book on amazon,0.24,10.5,10
advertise my book on amazon,0.62,24.22,10
amazon kindle free audio books,0.29,23.03,10
listen to books on amazon,0.4,28.1,10
kindle services amazon,0.19,5.18,10
amazon japan sale,0.07,,10
m online shop,,,10
ebook amazon prime,0.29,,10
amazon america website,0.14,,10
prime video subscription free,0.21,6,10
amazon japan online shopping,0.11,,10
amazon america site,0.17,0.15,10
amazon america online,0.71,,10
amazon usa delivery,0.1,,10
subscription of prime video,0.2,,10
buy amazon prime subscription,0.11,,10
in shop online,0.1,,10
amazon online italy,0.14,,10
buy prime video membership,0.09,,10
prime video tv subscription,0.27,6.5,10
amazon delivery to usa,0.08,,10
amazon prime 1 month subscription,0.14,12.16,10
amazon us free shipping,0.04,,10
amazon e commerce website,0.42,12.28,10
amazon renewed japan,,,10
amazon ksa website,,,10
prime video prime membership,0.13,5.87,10
amazon business kindle,0.03,,10
amazon music 2 devices,0.11,,10
in shopping online,1,,10
get prime video subscription,0.3,6.12,10
i want to open an amazon account,0.33,3.89,10
prime video business account,0.12,132.83,10
audio prime amazon,0.37,10.46,10
